-- USER USER_USER_ROLE
-- admin
INSERT INTO USER (ENABLED, FIRST_NAME, LAST_NAME, PASSWORD, USERNAME, CREATION_DATE) VALUES(TRUE, 'Admin', 'Istrator', '$2a$10$q.fznS8tMEl8XrnYZ3ldleJvky17kNHD8mRks4l344P/CMicVLfne', 'admin', '2016-01-01 00:00:00')
INSERT INTO USER_USER_ROLE (USER_USERNAME, ROLES) VALUES ('admin', 'ADMIN')
INSERT INTO USER_USER_ROLE (USER_USERNAME, ROLES) VALUES ('admin', 'LEARNER')
-- user1
INSERT INTO USER (ENABLED, FIRST_NAME, LAST_NAME, PASSWORD, USERNAME, CREATION_DATE) VALUES(TRUE, 'Susi', 'Kauftgerne', '$1a$10$q.fznS8tMEl8XrnYZ3ldleJvky17kNHD8mRks4l344P/CMicVLfne', 'user1', '2016-01-01 00:00:00')
INSERT INTO USER_USER_ROLE (USER_USERNAME, ROLES) VALUES ('user1', 'LEARNER')
-- user2
INSERT INTO USER (ENABLED, FIRST_NAME, LAST_NAME, PASSWORD, USERNAME, CREATION_DATE) VALUES(TRUE, 'Max', 'Mustermann', '$2a$10$q.fznS8tMEl8XrnYZ3ldleJvky17kNHD8mRks4l344P/CMicVLfne', 'user2', '2016-01-01 00:00:00')
INSERT INTO USER_USER_ROLE (USER_USERNAME, ROLES) VALUES ('user2', 'LEARNER')
-- elvis
INSERT INTO USER (ENABLED, FIRST_NAME, LAST_NAME, PASSWORD, USERNAME, CREATION_DATE) VALUES(TRUE, 'Elvis', 'The King', '$2a$10$q.fznS8tMEl8XrnYZ3ldleJvky17kNHD8mRks4l344P/CMicVLfne', 'elvis', '2016-01-01 00:00:00')
INSERT INTO USER_USER_ROLE (USER_USERNAME, ROLES) VALUES ('elvis', 'ADMIN')
INSERT INTO USER_USER_ROLE (USER_USERNAME, ROLES) VALUES ('elvis', 'LEARNER')

--DECK
-- deck 1 by user 1
INSERT INTO DECK (ID, TITLE, STATUS, DESCRIPTION, CREATION_DATE, CREATOR_USERNAME) VALUES(1, 'EN to GER Vocab', 'PRIVATE', 'english to german vocabulary', '2016-01-01 00:00:00', 'user1')
-- deck 2 by user 2
INSERT INTO DECK (ID, TITLE, STATUS, DESCRIPTION, CREATION_DATE, CREATOR_USERNAME) VALUES(2, 'European Capitals', 'PUBLIC', 'for each european country there is its corresponding capital', '2016-02-20 00:00:00', 'user2')
-- deck 3 by user 2
INSERT INTO DECK (ID, TITLE, STATUS, DESCRIPTION, CREATION_DATE, CREATOR_USERNAME) VALUES(3, 'Simple maths problems', 'PUBLIC', 'some simple maths problems with their solutions', '2022-12-12 12:13:02', 'user2')

-- BOOKMARKS
INSERT INTO BOOKMARKS(USER_USERNAME, DECK_ID) VALUES('user1', 2)
INSERT INTO BOOKMARKS(USER_USERNAME, DECK_ID) VALUES('user1', 3)

-- CARD
-- for deck 1
INSERT INTO CARD (ID, CONTAINER_ID, FRONT_SIDE_CONTENT, BACK_SIDE_CONTENT, CREATION_DATE) VALUES(1, 1, 'hello', 'Hallo', '2016-01-01 00:00:01')
INSERT INTO CARD (ID, CONTAINER_ID, FRONT_SIDE_CONTENT, BACK_SIDE_CONTENT, CREATION_DATE) VALUES(2, 1, 'goodbye', 'Auf Wiedersehen', '2016-01-01 00:00:02')
INSERT INTO CARD (ID, CONTAINER_ID, FRONT_SIDE_CONTENT, BACK_SIDE_CONTENT, CREATION_DATE) VALUES(3, 1, 'calculator', 'Taschenrechner', '2016-01-01 00:00:03')
INSERT INTO CARD (ID, CONTAINER_ID, FRONT_SIDE_CONTENT, BACK_SIDE_CONTENT, CREATION_DATE) VALUES(6, 1, 'smartphone', 'Handy', '2016-01-01 00:01:04')
-- for deck 2
INSERT INTO CARD (ID, CONTAINER_ID, FRONT_SIDE_CONTENT, BACK_SIDE_CONTENT, CREATION_DATE) VALUES(4, 2, 'Austria', 'Vienna', '2016-01-02 00:00:20')
INSERT INTO CARD (ID, CONTAINER_ID, FRONT_SIDE_CONTENT, BACK_SIDE_CONTENT, CREATION_DATE) VALUES(5, 2, 'France', 'Paris', '2016-01-02 00:00:50')
INSERT INTO CARD (ID, CONTAINER_ID, FRONT_SIDE_CONTENT, BACK_SIDE_CONTENT, CREATION_DATE) VALUES(7, 2, 'Germany', 'Berlin', '2016-01-02 00:01:20')
INSERT INTO CARD (ID, CONTAINER_ID, FRONT_SIDE_CONTENT, BACK_SIDE_CONTENT, CREATION_DATE) VALUES(8, 2, 'Italy', 'Berlin', '2016-01-02 00:01:22')
INSERT INTO CARD (ID, CONTAINER_ID, FRONT_SIDE_CONTENT, BACK_SIDE_CONTENT, CREATION_DATE) VALUES(9, 2, 'Croatia', 'Zagreb', '2016-01-02 00:01:28')
INSERT INTO CARD (ID, CONTAINER_ID, FRONT_SIDE_CONTENT, BACK_SIDE_CONTENT, CREATION_DATE) VALUES(10, 2, 'Belgium', 'Brussels', '2016-01-02 00:01:32')
INSERT INTO CARD (ID, CONTAINER_ID, FRONT_SIDE_CONTENT, BACK_SIDE_CONTENT, CREATION_DATE) VALUES(11, 2, 'Ukraine', 'Kyiv', '2016-01-02 00:01:48')
-- for deck 3
INSERT INTO CARD (ID, CONTAINER_ID, FRONT_SIDE_CONTENT, BACK_SIDE_CONTENT, CREATION_DATE) VALUES(12, 3, '2 - 5 = ?', '-3', '2017-01-02 03:01:48')
INSERT INTO CARD (ID, CONTAINER_ID, FRONT_SIDE_CONTENT, BACK_SIDE_CONTENT, CREATION_DATE) VALUES(13, 3, '6 * 2 - 4 / 2 = ?', '10', '2017-01-02 03:20:48')
INSERT INTO CARD (ID, CONTAINER_ID, FRONT_SIDE_CONTENT, BACK_SIDE_CONTENT, CREATION_DATE) VALUES(14, 3, '6 * 7', '42', '2017-01-02 03:20:51')
INSERT INTO CARD (ID, CONTAINER_ID, FRONT_SIDE_CONTENT, BACK_SIDE_CONTENT, CREATION_DATE) VALUES(15, 3, '6 * 7 / 2', '21', '2017-01-02 03:21:03')
INSERT INTO CARD (ID, CONTAINER_ID, FRONT_SIDE_CONTENT, BACK_SIDE_CONTENT, CREATION_DATE) VALUES(16, 3, '100 - 60 - 4 - 6', '30', '2017-01-02 03:22:38')

-- USER_CARD_INFO
-- user 1 for deck 1
INSERT INTO USER_CARD_INFO(CARD_ID, USER_USERNAME, EF_FACTOR, IS_FLIPPED, NUMBER_OF_REPETITIONS, CREATION_DATE, REPETITION_DATE) VALUES(1, 'user1', 2.5, FALSE, 2,'2018-01-01 10:00:02', '2022-12-17')
INSERT INTO USER_CARD_INFO(CARD_ID, USER_USERNAME, EF_FACTOR, IS_FLIPPED, NUMBER_OF_REPETITIONS, CREATION_DATE, REPETITION_DATE) VALUES(2, 'user1', 2.8, FALSE, 4,'2018-01-01 10:00:05', '2022-12-17' )
INSERT INTO USER_CARD_INFO(CARD_ID, USER_USERNAME, EF_FACTOR, IS_FLIPPED, NUMBER_OF_REPETITIONS, CREATION_DATE, REPETITION_DATE) VALUES(3, 'user1', 2.543, FALSE, 3,'2018-01-01 10:00:10', '2022-12-17' )
INSERT INTO USER_CARD_INFO(CARD_ID, USER_USERNAME, EF_FACTOR, IS_FLIPPED, NUMBER_OF_REPETITIONS, CREATION_DATE, REPETITION_DATE) VALUES(6, 'user1', 2.67, FALSE, 2,'2018-01-01 10:00:40', '2022-12-20' )
-- user 1 for deck 2
INSERT INTO USER_CARD_INFO(CARD_ID, USER_USERNAME, EF_FACTOR, IS_FLIPPED, NUMBER_OF_REPETITIONS, CREATION_DATE, REPETITION_DATE) VALUES(4, 'user1', 2.5, TRUE, 2,'2018-01-01 10:00:02', '2022-12-10')
INSERT INTO USER_CARD_INFO(CARD_ID, USER_USERNAME, EF_FACTOR, IS_FLIPPED, NUMBER_OF_REPETITIONS, CREATION_DATE, REPETITION_DATE) VALUES(5, 'user1', 2.8, TRUE, 4,'2018-01-01 10:00:05', '2022-12-10' )
INSERT INTO USER_CARD_INFO(CARD_ID, USER_USERNAME, EF_FACTOR, IS_FLIPPED, NUMBER_OF_REPETITIONS, CREATION_DATE, REPETITION_DATE) VALUES(7, 'user1', 2.543, TRUE, 3,'2018-01-01 10:00:10', '2022-12-10')
INSERT INTO USER_CARD_INFO(CARD_ID, USER_USERNAME, EF_FACTOR, IS_FLIPPED, NUMBER_OF_REPETITIONS, CREATION_DATE, REPETITION_DATE) VALUES(8, 'user1', 2.77, TRUE, 1,'2018-01-01 10:00:40', '2022-12-11')
INSERT INTO USER_CARD_INFO(CARD_ID, USER_USERNAME, EF_FACTOR, IS_FLIPPED, NUMBER_OF_REPETITIONS, CREATION_DATE, REPETITION_DATE) VALUES(9, 'user1', 2.67, TRUE, 2,'2018-01-01 10:00:42', '2022-12-13')
INSERT INTO USER_CARD_INFO(CARD_ID, USER_USERNAME, EF_FACTOR, IS_FLIPPED, NUMBER_OF_REPETITIONS, CREATION_DATE, REPETITION_DATE) VALUES(10, 'user1', 2.97, TRUE, 1,'2018-01-01 10:00:43', '2022-12-15')
INSERT INTO USER_CARD_INFO(CARD_ID, USER_USERNAME, EF_FACTOR, IS_FLIPPED, NUMBER_OF_REPETITIONS, CREATION_DATE, REPETITION_DATE) VALUES(11, 'user1', 2.74, TRUE, 2,'2018-01-01 10:00:45', '2022-12-15')
-- user 1 for deck 3
INSERT INTO USER_CARD_INFO(CARD_ID, USER_USERNAME, EF_FACTOR, IS_FLIPPED, NUMBER_OF_REPETITIONS, CREATION_DATE, REPETITION_DATE) VALUES(12, 'user1', 2.89, FALSE, 2,'2018-01-01 10:23:40', '2022-12-18')
INSERT INTO USER_CARD_INFO(CARD_ID, USER_USERNAME, EF_FACTOR, IS_FLIPPED, NUMBER_OF_REPETITIONS, CREATION_DATE, REPETITION_DATE) VALUES(13, 'user1', 3.2, FALSE, 2,'2018-01-01 10:24:40', '2022-12-18')
INSERT INTO USER_CARD_INFO(CARD_ID, USER_USERNAME, EF_FACTOR, IS_FLIPPED, NUMBER_OF_REPETITIONS, CREATION_DATE, REPETITION_DATE) VALUES(14, 'user1', 1.7, FALSE, 2,'2018-01-01 10:25:40', '2022-12-18')
INSERT INTO USER_CARD_INFO(CARD_ID, USER_USERNAME, EF_FACTOR, IS_FLIPPED, NUMBER_OF_REPETITIONS, CREATION_DATE, REPETITION_DATE) VALUES(15, 'user1', 1.5, FALSE, 2,'2018-01-01 10:26:40', '2022-12-18')
INSERT INTO USER_CARD_INFO(CARD_ID, USER_USERNAME, EF_FACTOR, IS_FLIPPED, NUMBER_OF_REPETITIONS, CREATION_DATE, REPETITION_DATE) VALUES(16, 'user1', 2.8, FALSE, 2,'2018-01-01 10:27:40', '2022-12-18')
-- user 2 for deck 2
INSERT INTO USER_CARD_INFO(CARD_ID, USER_USERNAME, EF_FACTOR, IS_FLIPPED, NUMBER_OF_REPETITIONS, CREATION_DATE, REPETITION_DATE) VALUES(4, 'user2', 2.5, TRUE, 2,'2018-01-01 10:00:02', '2022-12-10')
INSERT INTO USER_CARD_INFO(CARD_ID, USER_USERNAME, EF_FACTOR, IS_FLIPPED, NUMBER_OF_REPETITIONS, CREATION_DATE, REPETITION_DATE) VALUES(5, 'user2', 2.8, TRUE, 4,'2018-01-01 10:00:05', '2022-12-10' )
INSERT INTO USER_CARD_INFO(CARD_ID, USER_USERNAME, EF_FACTOR, IS_FLIPPED, NUMBER_OF_REPETITIONS, CREATION_DATE, REPETITION_DATE) VALUES(7, 'user2', 2.543, TRUE, 3,'2018-01-01 10:00:10', '2022-12-10')
INSERT INTO USER_CARD_INFO(CARD_ID, USER_USERNAME, EF_FACTOR, IS_FLIPPED, NUMBER_OF_REPETITIONS, CREATION_DATE, REPETITION_DATE) VALUES(8, 'user2', 2.77, TRUE, 1,'2018-01-01 10:00:40', '2022-12-11')
INSERT INTO USER_CARD_INFO(CARD_ID, USER_USERNAME, EF_FACTOR, IS_FLIPPED, NUMBER_OF_REPETITIONS, CREATION_DATE, REPETITION_DATE) VALUES(9, 'user2', 2.67, TRUE, 2,'2018-01-01 10:00:42', '2022-12-13')
INSERT INTO USER_CARD_INFO(CARD_ID, USER_USERNAME, EF_FACTOR, IS_FLIPPED, NUMBER_OF_REPETITIONS, CREATION_DATE, REPETITION_DATE) VALUES(10, 'user2', 2.97, TRUE, 1,'2018-01-01 10:00:43', '2022-12-15')
INSERT INTO USER_CARD_INFO(CARD_ID, USER_USERNAME, EF_FACTOR, IS_FLIPPED, NUMBER_OF_REPETITIONS, CREATION_DATE, REPETITION_DATE) VALUES(11, 'user2', 2.74, TRUE, 2,'2018-01-01 10:00:45', '2022-12-15')
-- user 2 for deck 3
INSERT INTO USER_CARD_INFO(CARD_ID, USER_USERNAME, EF_FACTOR, IS_FLIPPED, NUMBER_OF_REPETITIONS, CREATION_DATE, REPETITION_DATE) VALUES(12, 'user2', 2.89, FALSE, 2,'2018-01-01 10:23:40', '2022-12-18')
INSERT INTO USER_CARD_INFO(CARD_ID, USER_USERNAME, EF_FACTOR, IS_FLIPPED, NUMBER_OF_REPETITIONS, CREATION_DATE, REPETITION_DATE) VALUES(13, 'user2', 3.2, FALSE, 2,'2018-01-01 10:24:40', '2022-12-18')
INSERT INTO USER_CARD_INFO(CARD_ID, USER_USERNAME, EF_FACTOR, IS_FLIPPED, NUMBER_OF_REPETITIONS, CREATION_DATE, REPETITION_DATE) VALUES(14, 'user2', 1.7, FALSE, 2,'2018-01-01 10:25:40', '2022-12-18')
INSERT INTO USER_CARD_INFO(CARD_ID, USER_USERNAME, EF_FACTOR, IS_FLIPPED, NUMBER_OF_REPETITIONS, CREATION_DATE, REPETITION_DATE) VALUES(15, 'user2', 1.5, FALSE, 2,'2018-01-01 10:26:40', '2022-12-18')
INSERT INTO USER_CARD_INFO(CARD_ID, USER_USERNAME, EF_FACTOR, IS_FLIPPED, NUMBER_OF_REPETITIONS, CREATION_DATE, REPETITION_DATE) VALUES(16, 'user2', 2.8, FALSE, 2,'2018-01-01 10:27:40', '2022-12-18')
